{"accuracy": [0.9047619104385376, 0.9730519652366638, 0.9795454740524292, 0.9788960814476013, 0.9796536564826965, 0.9820346236228943, 0.9792208075523376, 0.9794372320175171, 0.9803030490875244, 0.980627715587616], "loss": [0.47325435280799866, 0.08705100417137146, 0.06027258187532425, 0.06066043674945831, 0.06018020212650299, 0.057233572006225586, 0.06200912967324257, 0.06285306811332703, 0.05883805453777313, 0.06576220691204071], "val_accuracy": [0.9465370774269104, 0.9501822590827942, 0.9501822590827942, 0.9501822590827942, 0.9489672183990479, 0.9489672183990479, 0.9489672183990479, 0.9489672183990479, 0.9489672183990479, 0.9489672183990479], "val_loss": [0.2588716745376587, 0.24905161559581757, 0.2405596524477005, 0.2449294775724411, 0.2444930076599121, 0.2444852888584137, 0.24449357390403748, 0.24449507892131805, 0.2444949746131897, 0.2444949448108673]}